<?xml version="1.0" encoding="UTF-8" standalone="yes"?>
<addon id="repository.KingKalan" name="KingKalan Repository" provider-name="KingKalan" version="0.0.2">
  <extension point="xbmc.addon.repository" name="KingKalan Repository">
    <dir>
      <info compressed="false">https://k.slyguy.xyz/.repo/addons.xml</info>
      <checksum>https://k.slyguy.xyz/.repo/addons.xml.md5</checksum>
      <datadir zip="true">https://k.slyguy.xyz/.repo/</datadir>
    </dir>
  </extension>
  <extension point="xbmc.addon.metadata">
    <platform>all</platform>
    <description lang="en">Addons by KingKalan912</description>
    <license></license>
    <language></language>
    <website></website>
    <news></news>
    <assets>
      <icon>icon.png</icon>
      <fanart>fanart.jpg</fanart>
    </assets> 
  </extension>
</addon>